{"Q_Refrigeration": -62935.82503028866, "Q_PAST1": 1754649.4482475775, "Q_PAST2": 296961.7904192833, "Q_PAST3": 148661.72933493578, "Q_PAST4": -59568.12944460043, "Q_PAST5": 16835.677107927626, "Q_PAST6": 24516.12402029655, "Q_PAST7": -118509.0382638908, "Q_P1": 87812.40226340573, "Q_P2": 903747.8611105115, "Q_P3": 97265.96546244808, "Q_P4": 97332.48380157165, "Q_P5": -159353.7626429951, "Q_EVAP1": 3098735.8537340793, "Q_EVAP2": 3002237.567986614, "Q_EVAP3": 2311196.1534426017, "Q_e18lv": 2358726.7092734836, "Q_e16": 2310786.0082347617, "Q_CHEX1": 123941.7464924127, "Q_CHEX2": 106323.41225697007, "Q_Proc_Cooling": -59547.16364147619, "Q_mixing_cooling": -6422.647874793788, "Q_MTHEX1": 1630544.7786149469, "Q_MTHEX2": -602273.3808365109, "Q_CIPHEX": 335226.2802321429, "Q_CIP_cooling": -225909.64558215035, "Q_hotwater": 168000.0, "Q_fridge": 500.0, "Q_R_evap": 4145740.8758805227, "Q_RHEX1": -159278.63632576994, "Q_E8": -120005.30953783981, "Q_E9": -54771.13422686398, "Q_digester": 144965.38115506817, "Q_steamdryer": 1329371.4579239434}