{"MyState1": {"pair": "TP", "fluid": "Water", "temperature": 340, "pressure": 31000, "density": 979.5051262165521, "cpmass": 4188.447380599625, "cvmass": 3941.561578622276, "enthalpy": 279868.6663457518, "entropy": 916.4984924328418, "vapfrac": -1.0}, "MyState2": {"fluid": "water[0.8]&fat[0.2]", "density": 976.7940177228429, "cpmass": 3768.5468846031436, "cvmass": 3665.886148207437, "enthalpy": -76562.61307315636, "entropy": -62.170169085938596}, "enthalpy1": 279868.6663457518, "enthalpy2": -76562.61307315636}