{"T_freshmilk": 279.15, "T_mixtureout": 277.15, "T_pastcent": 333.15, "T_milk0": 333.15, "T_pasta": 343.15, "T_pastb": 348.15, "T_pastc": 338.15, "T_pastd": 279.15, "T_milk": 277.15, "T_cream0": 333.15, "T_crpasta": 343.15, "T_crpastx": 335.33, "T_thickener": 277.15, "T_crpastb": 348.15, "T_crpastc": 339.35, "T_cream": 277.15, "P_freshmilk": 101325, "P_mixtureout": 101325, "P_pastcent": 101325, "P_milk0": 101325, "P_pasta": 101325, "P_pastb": 101325, "P_pastc": 101325, "P_pastd": 101325, "P_milk": 101325, "P_cream0": 101325, "P_crpasta": 101325, "P_crpastx": 101325, "P_thickener": 101325, "P_crpastb": 101325, "P_crpastc": 101325, "P_cream": 101325, "M_freshmilk": 8.0, "M_mixtureout": 8.0, "M_pastcent": 8.0, "M_milk0": 7.52, "M_pasta": 7.52, "M_pastb": 7.52, "M_pastc": 7.52, "M_pastd": 7.52, "M_milk": 7.52, "M_cream0": 0.4800000000000004, "M_crpasta": 0.4800000000000004, "M_crpastx": 0.5500000000000005, "M_thickener": 0.07, "M_crpastb": 0.5500000000000005, "M_crpastc": 0.5500000000000005, "M_cream": 0.55, "T_e1": 277.15, "T_e2": 281.65, "T_e3": 328.15, "T_e4": 333.15, "T_e5": 338.15, "T_e6": 338.15, "T_e7": 343.15, "T_e8": 338.25, "T_e9": 338.25, "T_e10": 333.15, "T_e11": 333.25, "T_e12": 313.15, "T_e13": 277.15, "T_e14": 343.34999999999997, "T_e15": 338.45, "T_e16": 333.54999999999995, "T_e17": 343.34999999999997, "T_e18": 338.15, "T_e19": 343.34999999999997, "T_e20": 338.45, "T_e21": 277.15, "T_e22": 277.15, "T_e23": 277.15, "P_e1": 101325.0, "P_e2": 101325.0, "P_e3": 101325.0, "P_e4": 101325.0, "P_e5": 101325.0, "P_e6": 31410.75, "P_e7": 31410.75, "P_e8": 25331.25, "P_e9": 25331.25, "P_e10": 20265.0, "P_e11": 25331.25, "P_e12": 25331.25, "P_e13": 20265.0, "P_e14": 31410.75, "P_e15": 25331.25, "P_e16": 20265.0, "P_e17": 31410.75, "P_e18": 25331.25, "P_e19": 31410.75, "P_e20": 25331.25, "P_e21": 101325.0, "P_e22": 101325.0, "P_e23": 101325.0, "M_e1": 5.0, "M_e2": 5.0, "M_e3": 5.0, "M_e4": 5.0, "M_e5": 5.0, "M_e6": 5.0, "M_e7": 3.6719999999999997, "M_e8": 3.6719999999999997, "M_e9": 2.3919999999999995, "M_e10": 2.3919999999999995, "M_e11": 1.4119999999999995, "M_e12": 1.4119999999999995, "M_e13": 1.4119999999999995, "M_e14": 1.328, "M_e15": 1.28, "M_e16": 0.98, "M_e17": 1.2866445152082877, "M_e18": 1.24, "M_e19": 0.04171299026108584, "M_e20": 0.041469215201189784, "M_e21": 2.5199999999999996, "M_e22": 1.5199999999999996, "M_e23": 1.0, "vap_frac_e16l": 0.6089002365905376, "T_c1": 277.15, "T_c2": 305.15, "T_c3": 329.15, "T_c4": 329.15, "T_c5": 329.15, "T_c6": 289.15, "T_c7": 298.15, "T_c8": 285.15, "T_c9": 286.15, "T_c10": 286.15, "P_c1": 101325, "P_c2": 101325, "P_c3": 101325, "P_c4": 101325, "P_c5": 101325, "P_c6": 101325, "P_c7": 101325, "P_c8": 101325, "P_c9": 101325, "P_c10": 101325, "M_c1": 1.4119999999999995, "M_c2": 1.4119999999999995, "M_c3": 1.4119999999999995, "M_c4": 0.875, "M_c5": 0.5369999999999995, "M_c6": 0.5369999999999995, "M_c7": 0.059965217391304323, "M_c8": 0.2502347826086958, "M_c9": 0.5647999999999997, "M_c10": 0.2823999999999999, "T_mt1": 296.1479123173277, "T_mt2": 374.15, "T_mt3": 374.15, "T_mt4": 373.04999999999995, "T_mt5": 281.15, "T_mt6": 370.46999999999997, "T_mt7": 360.46999999999997, "T_mt8": 281.15, "P_mt1": 101325, "P_mt2": 101325, "P_mt3": 101325, "P_mt4": 101325, "P_mt5": 101325, "P_mt6": 101325, "P_mt7": 101325, "P_mt8": 101325, "M_mt1": 2.3949999999999996, "M_mt2": 2.3949999999999996, "M_mt3": 0.38699999999999957, "M_mt4": 2.008, "M_mt5": 0.062103092783505155, "M_mt6": 2.0701030927835053, "M_mt7": 2.0701030927835053, "M_mt8": 2.0701030927835053, "T_CIP1": 298.15, "T_CIP2": 333.15, "T_CIP3": 353.15, "T_CIP4": 348.15, "T_CIP5": 348.15, "T_CIP6": 348.15, "T_CIP7": 303.15, "T_CIP10": 353.15, "T_CIP12": 348.15, "P_CIP1": 101325, "P_CIP2": 101325, "P_CIP3": 101325, "P_CIP4": 101325, "P_CIP5": 101325, "P_CIP6": 101325, "P_CIP7": 101325, "P_CIP10": 101325, "P_CIP12": 101325, "M_CIP1": 1.2, "M_CIP2": 4.0, "M_CIP3": 2.0, "M_CIP4": 2.0, "M_CIP5": 2.8, "M_CIP6": 1.2000000000000002, "M_CIP7": 1.2000000000000002, "M_CIP10": 2.0, "M_CIP12": 2.0, "T_dw1": 298.15, "T_dw2": 298.15, "T_dw3": 298.15, "P_dw1": 101325, "P_dw2": 101325, "P_dw3": 101325, "M_dw1": 1.2824, "M_dw2": 1.2444, "M_dw3": 0.038, "DM_dw1": 0.007797878976918278, "DM_dw2": 0.0004018000642880103, "DM_dw3": 0.25, "T_R1": 298.15, "T_R3": 298.15, "T_R5": 298.15, "T_R6": 373.15, "T_R7": 373.04999999999995, "T_R8": 323.15, "T_R10": 323.15, "T_R11": 298.15, "T_R12": 298.15, "T_R13": 314.06713807805767, "T_R14": 277.3997717036314, "T_R15": 298.15, "T_R16": 283.15, "T_R17": 323.15, "T_R18": 298.15, "T_R19": 298.15, "T_R20": 316.8558072769622, "T_R21": 276.3923365442382, "T_R22": 298.15, "T_R23": 283.15, "M_R1": 2.3949999999999996, "M_R3": 2.3949999999999996, "M_R5": 2.4428999999999994, "M_R6": 1.4388999999999994, "M_R7": 1.004, "M_R8": 0.30119999999999997, "M_R10": 0.30119999999999997, "M_R11": 0.10040000000000003, "M_R12": 0.1004, "M_R13": 0.502, "M_R14": 0.502, "M_R15": 0.003082906857727738, "M_R16": 0.502, "M_R17": 0.7028, "M_R18": 0.05856666666666671, "M_R19": 0.40996666666666665, "M_R20": 1.1713333333333333, "M_R21": 1.1713333333333333, "M_R22": 0.007193449334698056, "M_R23": 1.1713333333333333, "P_R1": 101325, "P_R3": 101325, "P_R5": 101325, "P_R6": 101325, "P_R7": 101325, "P_R8": 101325, "P_R10": 101325, "P_R11": 101325, "P_R12": 101325, "P_R13": 101325, "P_R14": 101325, "P_R15": 202650, "P_R16": 101325, "P_R17": 101325, "P_R18": 101325, "P_R19": 101325, "P_R20": 101325, "P_R21": 101325, "P_R22": 202650, "P_R23": 101325, "T_d1": 293.15, "T_d2": 328.15, "T_d3": 328.15, "T_d4": 328.15, "T_d5": 328.15, "T_d6": 368.15, "T_d7": 423.0, "T_d8": 388.15, "P_d1": 101325, "P_d2": 101325, "P_d3": 101325, "P_d4": 101325, "P_d5": 101325, "P_d6": 101325, "P_d7": 101325, "P_d8": 101325, "M_d1": 2.4329999999999994, "M_d2": 2.3383750673711994, "M_d3": 0.09462493262879998, "M_d4": 1.3204900673711994, "M_d5": 1.017885, "M_d6": 0.535728947368421, "M_d7": 19.03535453822701, "M_d8": 19.517510590858592, "V_digester": 4946.655525539907, "gasification_ratio": 0.03889228632503083}