{"M_gw_Refrigeration": 4.034347758351837, "M_gw_PAST4": 3.8184698361923353, "M_gw_PAST7": 7.596733222044282, "M_steam_PAST3": 0.06869073155375255, "M_steam_PAST6": 0.011327935584702933, "M_steam_EVAP1": 1.4318038249459182, "M_gw_P5": 10.21498478480738, "M_steam_CHEX1": 0.057268600834262245, "M_steam_CHEX2": 0.04912786230790989, "M_steam_MTHEX1": 0.7534105393182131, "M_gw_MTHEX2": 38.60726800234044, "M_steam_CIPHEX": 0.1548948645236685, "M_CIP_cooling_water": 10.757602170578588, "M_steam_R_evap": 1.9155836197420415, "M_steam_digester": 0.0669827946039513, "M_superheatedsteam_dryer": 19.03535453822701}